mean_fit_time,std_fit_time,mean_score_time,std_score_time,param_tfidf__max_df,param_tfidf__max_features,param_tfidf__min_df,param_tfidf__ngram_range,params,split0_test_score,split1_test_score,split2_test_score,split3_test_score,split4_test_score,mean_test_score,std_test_score,rank_test_score,split0_train_score,split1_train_score,split2_train_score,split3_train_score,split4_train_score,mean_train_score,std_train_score
2.214187574386597,0.36728627755546805,0.4495368957519531,0.11043313958211377,0.95,50000,3,"(1, 2)","{'tfidf__max_df': 0.95, 'tfidf__max_features': 50000, 'tfidf__min_df': 3, 'tfidf__ngram_range': (1, 2)}",-0.48312188251274146,-0.47994429247667064,-0.5265740556981142,-0.5171326470193699,-0.516033270031942,-0.5045612295477676,0.01918255435176379,1,-8.376177660785969e-06,-6.296148043684566e-06,-6.044284500733921e-06,-5.478209481398943e-06,-5.781120027399283e-06,-6.395187942800537e-06,1.027150553077277e-06
2.004072570800781,0.36049570778492435,0.36520895957946775,0.061560973382143946,0.9,50000,3,"(1, 2)","{'tfidf__max_df': 0.9, 'tfidf__max_features': 50000, 'tfidf__min_df': 3, 'tfidf__ngram_range': (1, 2)}",-0.48447370572891213,-0.4840613826024715,-0.528920426202283,-0.5200703753360401,-0.5160550705418896,-0.5067161920823192,0.018796518112993408,2,-7.88755067532728e-06,-8.363337928576904e-06,-5.715415919298293e-06,-6.981341370594685e-06,-8.819996346879243e-06,-7.553528448135281e-06,1.1024843673986795e-06
2.440935564041138,0.5303115541372493,0.37656846046447756,0.058286503762097444,0.95,20000,3,"(1, 2)","{'tfidf__max_df': 0.95, 'tfidf__max_features': 20000, 'tfidf__min_df': 3, 'tfidf__ngram_range': (1, 2)}",-0.48399010982019336,-0.4832496509130465,-0.5294424149582907,-0.5191674903533208,-0.5184226211939651,-0.5068544574477633,0.01936808870418267,3,-7.994212225162272e-06,-6.503833796672814e-06,-8.548411508637648e-06,-8.184492058900315e-06,-6.5846212986584576e-06,-7.563114177606301e-06,8.511509934303945e-07
1.9362897396087646,0.2078687828553573,0.35112528800964354,0.05174362124319388,0.85,50000,3,"(1, 2)","{'tfidf__max_df': 0.85, 'tfidf__max_features': 50000, 'tfidf__min_df': 3, 'tfidf__ngram_range': (1, 2)}",-0.4882003151576262,-0.48553764167246677,-0.5307117355147748,-0.5212393412043675,-0.5134124738936723,-0.5078203014885816,0.017982333346844785,4,-7.068834298092057e-06,-7.428449021692884e-06,-5.7387150850565456e-06,-7.122603706541456e-06,-7.68190758812921e-06,-7.008101939902431e-06,6.721380486034576e-07
1.8847949028015136,0.1911647823679158,0.35016565322875975,0.07039017137288718,0.9,20000,3,"(1, 2)","{'tfidf__max_df': 0.9, 'tfidf__max_features': 20000, 'tfidf__min_df': 3, 'tfidf__ngram_range': (1, 2)}",-0.4843965448660783,-0.48618723616127923,-0.532269925285871,-0.5219649068316762,-0.5194636399728524,-0.5088564506235514,0.01972163867337746,5,-7.7538426451819e-06,-7.963157908981826e-06,-8.641821353037e-06,-7.211731807346595e-06,-5.985248476838908e-06,-7.511160438277246e-06,8.899050837385315e-07
1.8107714176177978,0.18405991031459637,0.3140012264251709,0.03641372912930373,0.85,20000,3,"(1, 2)","{'tfidf__max_df': 0.85, 'tfidf__max_features': 20000, 'tfidf__min_df': 3, 'tfidf__ngram_range': (1, 2)}",-0.4877188744367457,-0.48793510125751327,-0.5333052310803438,-0.520724740745783,-0.5150375727758821,-0.5089443040592536,0.01822781853393292,6,-7.324933352257586e-06,-7.452645404643133e-06,-8.345073844861153e-06,-7.189508318372105e-06,-8.646311528576268e-06,-7.79169448974205e-06,5.885656157641555e-07
2.433168411254883,0.46594982563890747,0.41300210952758787,0.07947892815767463,0.95,20000,1,"(1, 2)","{'tfidf__max_df': 0.95, 'tfidf__max_features': 20000, 'tfidf__min_df': 1, 'tfidf__ngram_range': (1, 2)}",-0.48545572089511846,-0.4891496933284173,-0.5342327610407174,-0.5185359339786865,-0.5213153342045307,-0.5097378886894941,0.01910465429201545,7,-7.483172905668266e-06,-8.57194545988269e-06,-8.058710887074777e-06,-7.675853500792577e-06,-6.395637982695816e-06,-7.637064147222825e-06,7.236180058757818e-07
1.8110890865325928,0.18094122497417858,0.32517452239990235,0.03918829428341921,0.9,20000,1,"(1, 2)","{'tfidf__max_df': 0.9, 'tfidf__max_features': 20000, 'tfidf__min_df': 1, 'tfidf__ngram_range': (1, 2)}",-0.4905632628752344,-0.493154891515782,-0.536429391812976,-0.5211164720155872,-0.5222533731908244,-0.5127034782820808,0.017873076467271397,8,-7.37391590345981e-06,-7.4093253355760074e-06,-8.473797296967849e-06,-6.746227471455151e-06,-8.958037649723352e-06,-7.792260731436434e-06,8.04905635071782e-07
1.7595174312591553,0.24323079313621712,0.2993454456329346,0.041729884637623685,0.85,20000,1,"(1, 2)","{'tfidf__max_df': 0.85, 'tfidf__max_features': 20000, 'tfidf__min_df': 1, 'tfidf__ngram_range': (1, 2)}",-0.49174522288179445,-0.4958239209157361,-0.5392428751841652,-0.5229027446639941,-0.5175676554837619,-0.5134564838258904,0.017625876897716403,9,-6.365800237888539e-06,-6.9812521167895464e-06,-7.666022054777085e-06,-6.704947405053082e-06,-7.806418967999455e-06,-7.104888156501542e-06,5.5290255157656e-07
2.135812997817993,0.2781199452858731,0.4409016132354736,0.10893842851382357,0.95,20000,5,"(1, 2)","{'tfidf__max_df': 0.95, 'tfidf__max_features': 20000, 'tfidf__min_df': 5, 'tfidf__ngram_range': (1, 2)}",-0.4917600983555806,-0.49214016762025564,-0.5358710369860125,-0.5272330376590852,-0.5250282713214213,-0.5144065223884711,0.01869073303769279,10,-8.365273015556528e-06,-9.060018115459958e-06,-9.079047733301379e-06,-7.852362609753981e-06,-7.153223513702289e-06,-8.301984997554828e-06,7.354263137452033e-07
1.7557034492492676,0.21180027312409033,0.18984770774841309,0.020146538956627217,0.95,50000,5,"(1, 2)","{'tfidf__max_df': 0.95, 'tfidf__max_features': 50000, 'tfidf__min_df': 5, 'tfidf__ngram_range': (1, 2)}",-0.4917600983555806,-0.49214016762025564,-0.5358710369860125,-0.5272330376590852,-0.5250282713214213,-0.5144065223884711,0.01869073303769279,10,-8.365273015556528e-06,-9.060018115459958e-06,-9.079047733301379e-06,-7.852362609753981e-06,-7.153223513702289e-06,-8.301984997554828e-06,7.354263137452033e-07
2.296510124206543,0.3697163006031448,0.39248027801513674,0.05980130577943801,0.95,50000,1,"(1, 2)","{'tfidf__max_df': 0.95, 'tfidf__max_features': 50000, 'tfidf__min_df': 1, 'tfidf__ngram_range': (1, 2)}",-0.5020637251254735,-0.49728609386945116,-0.539448075038417,-0.526840575677742,-0.5147068432187965,-0.5160690625859761,0.015578246052301915,12,-6.119538759651727e-06,-7.194609482330255e-06,-5.017197319708409e-06,-6.085410093833823e-06,-7.471099565088872e-06,-6.3775710441226175e-06,8.793078853797367e-07
1.8298608303070067,0.15179934596976796,0.3199331283569336,0.02550246638530272,0.9,20000,5,"(1, 2)","{'tfidf__max_df': 0.9, 'tfidf__max_features': 20000, 'tfidf__min_df': 5, 'tfidf__ngram_range': (1, 2)}",-0.4933732164429929,-0.4959537493074956,-0.539121136388054,-0.5292604174954362,-0.5249454862320592,-0.5165308011732076,0.018454604279101807,13,-9.783906032995163e-06,-7.86799643237483e-06,-9.697548395666089e-06,-6.989140705944796e-06,-1.010929225018023e-05,-8.88957676343222e-06,1.232528494673146e-06
2.020319700241089,0.24020237384128065,0.3551516056060791,0.03516513851668224,0.9,50000,5,"(1, 2)","{'tfidf__max_df': 0.9, 'tfidf__max_features': 50000, 'tfidf__min_df': 5, 'tfidf__ngram_range': (1, 2)}",-0.4933732164429929,-0.4959537493074956,-0.539121136388054,-0.5292604174954362,-0.5249454862320592,-0.5165308011732076,0.018454604279101807,13,-9.783906032995163e-06,-7.86799643237483e-06,-9.697548395666089e-06,-6.989140705944796e-06,-1.010929225018023e-05,-8.88957676343222e-06,1.232528494673146e-06
1.8002394676208495,0.17295020608808614,0.2959438323974609,0.024995148102179756,0.85,50000,5,"(1, 2)","{'tfidf__max_df': 0.85, 'tfidf__max_features': 50000, 'tfidf__min_df': 5, 'tfidf__ngram_range': (1, 2)}",-0.49671731607697445,-0.4995074586145971,-0.5415897118816344,-0.5303379941750157,-0.5200197604976933,-0.517634448249183,0.01736109801155969,15,-8.593987237193773e-06,-6.997299031112691e-06,-8.72881054063831e-06,-9.955864639958373e-06,-6.7517363947398525e-06,-8.205539568728602e-06,1.1884217114806518e-06
1.855492639541626,0.2901138131173857,0.3613313674926758,0.07969769547876727,0.85,20000,5,"(1, 2)","{'tfidf__max_df': 0.85, 'tfidf__max_features': 20000, 'tfidf__min_df': 5, 'tfidf__ngram_range': (1, 2)}",-0.49671731607697445,-0.4995074586145971,-0.5415897118816344,-0.5303379941750157,-0.5200197604976933,-0.517634448249183,0.01736109801155969,15,-8.593987237193773e-06,-6.997299031112691e-06,-8.72881054063831e-06,-9.955864639958373e-06,-6.7517363947398525e-06,-8.205539568728602e-06,1.1884217114806518e-06
2.1811593055725096,0.3708624778291318,0.36453952789306643,0.07062923826673363,0.9,50000,1,"(1, 2)","{'tfidf__max_df': 0.9, 'tfidf__max_features': 50000, 'tfidf__min_df': 1, 'tfidf__ngram_range': (1, 2)}",-0.5025675903985021,-0.5004330963403493,-0.542081405172371,-0.5287335607700788,-0.5145158771772488,-0.51766630597171,0.015833263248605213,17,-6.078855126581808e-06,-6.538924458469588e-06,-7.217732901549573e-06,-5.809875557140263e-06,-6.817910313551233e-06,-6.492659671458493e-06,5.041999499840443e-07
1.9859022617340087,0.302804646437686,0.3572862148284912,0.06819890762075713,0.85,50000,1,"(1, 2)","{'tfidf__max_df': 0.85, 'tfidf__max_features': 50000, 'tfidf__min_df': 1, 'tfidf__ngram_range': (1, 2)}",-0.5056312017460218,-0.5025707821674711,-0.5452736979687446,-0.5313216346241721,-0.5107549665293325,-0.5191104566071484,0.016484498316483766,18,-5.533641497882798e-06,-6.5528304478622094e-06,-7.490183499703495e-06,-5.882647934078328e-06,-6.468555726432589e-06,-6.385571821191884e-06,6.68393065348798e-07
1.9549837112426758,0.22444828693470856,0.34763140678405763,0.07368566898798452,0.95,10000,5,"(1, 2)","{'tfidf__max_df': 0.95, 'tfidf__max_features': 10000, 'tfidf__min_df': 5, 'tfidf__ngram_range': (1, 2)}",-0.49815425717114986,-0.49714704406888227,-0.5512767176133467,-0.533065628818923,-0.5361309174878673,-0.5231549130320339,0.0217203909423135,19,-1.0003081428258607e-05,-1.0559361263436606e-05,-8.57133519886324e-06,-9.773654499097103e-06,-9.422965506936016e-06,-9.666079579318316e-06,6.604035868261267e-07
2.4864679336547852,0.5245534695483501,0.40663509368896483,0.1081178320045317,0.95,10000,3,"(1, 2)","{'tfidf__max_df': 0.95, 'tfidf__max_features': 10000, 'tfidf__min_df': 3, 'tfidf__ngram_range': (1, 2)}",-0.4986929017948843,-0.5011642381220663,-0.5505568483986548,-0.5342147984291984,-0.531531541005917,-0.5232320655501442,0.020126127482726432,20,-1.086121874603505e-05,-1.0867570504134336e-05,-8.833999397479614e-06,-9.69133415387521e-06,-9.743114544719633e-06,-9.999447469248768e-06,7.76556105956469e-07
2.06819543838501,0.5069637739502617,0.45720510482788085,0.21166182441125864,0.95,10000,1,"(1, 2)","{'tfidf__max_df': 0.95, 'tfidf__max_features': 10000, 'tfidf__min_df': 1, 'tfidf__ngram_range': (1, 2)}",-0.49786356697299433,-0.49843628604711493,-0.5532288735671049,-0.5358228767370269,-0.533181562662495,-0.5237066331973471,0.02197541735349592,21,-8.766070955248369e-06,-1.0587058731256443e-05,-9.433444510664057e-06,-9.728154330227924e-06,-8.524208883791083e-06,-9.407787482237576e-06,7.330054733499914e-07
1.9100906372070312,0.20732729630414526,0.31933279037475587,0.056687664853329156,0.9,10000,1,"(1, 2)","{'tfidf__max_df': 0.9, 'tfidf__max_features': 10000, 'tfidf__min_df': 1, 'tfidf__ngram_range': (1, 2)}",-0.5001555516546664,-0.5010231255341705,-0.5533412845434843,-0.5360912378098581,-0.5320604785644153,-0.5245343356213189,0.020818968415626984,22,-1.0097397073081003e-05,-8.7571572182869e-06,-9.043879631645605e-06,-9.48043842215301e-06,-9.3332998795652e-06,-9.342434444946343e-06,4.5183658915160044e-07
1.9455034732818604,0.25507480736617766,0.3041067600250244,0.06235471675390308,0.85,10000,3,"(1, 2)","{'tfidf__max_df': 0.85, 'tfidf__max_features': 10000, 'tfidf__min_df': 3, 'tfidf__ngram_range': (1, 2)}",-0.5023577670222915,-0.5034715309356519,-0.554695840570183,-0.5382558573463462,-0.5273050280605027,-0.5252172047869952,0.020192987200461768,23,-9.76607768793677e-06,-1.1157282112859022e-05,-1.0861329895199638e-05,-1.055615463135509e-05,-8.46589164469307e-06,-1.0161347194408717e-05,9.66285936901857e-07
1.9561939716339112,0.1670034831199767,0.28749785423278806,0.04358893437242862,0.85,10000,1,"(1, 2)","{'tfidf__max_df': 0.85, 'tfidf__max_features': 10000, 'tfidf__min_df': 1, 'tfidf__ngram_range': (1, 2)}",-0.5035021350255102,-0.5040983651790069,-0.5561330865607047,-0.5376511427002992,-0.526233075829991,-0.5255235610591025,0.02014203029568112,24,-1.0145008510818678e-05,-9.406447578807913e-06,-1.0803558380515052e-05,-8.891289159706889e-06,-1.0948657109622633e-05,-1.0038992147894234e-05,7.9254351512618e-07
2.12190260887146,0.3218944960136006,0.36618595123291015,0.04340690484186362,0.9,10000,5,"(1, 2)","{'tfidf__max_df': 0.9, 'tfidf__max_features': 10000, 'tfidf__min_df': 5, 'tfidf__ngram_range': (1, 2)}",-0.5007301369934738,-0.50366921089167,-0.5538664163332107,-0.5354094383640228,-0.5343471678267269,-0.5256044740818208,0.020352876038139026,25,-1.0965060739819005e-05,-9.12352389138491e-06,-8.263513164474534e-06,-9.199237982538056e-06,-9.812736614787245e-06,-9.472814478600751e-06,8.946064659561065e-07
1.7407428741455078,0.21464686834870877,0.2641003131866455,0.027322494864543228,0.85,10000,5,"(1, 2)","{'tfidf__max_df': 0.85, 'tfidf__max_features': 10000, 'tfidf__min_df': 5, 'tfidf__ngram_range': (1, 2)}",-0.5016887329021645,-0.5048390438891504,-0.5577641816247593,-0.5379276943027067,-0.5269072560830939,-0.525825381760375,0.02093192563071721,26,-1.0478149953516006e-05,-9.664571081470209e-06,-8.597284488088409e-06,-8.868753855475455e-06,-1.1254199983108655e-05,-9.772591872331748e-06,9.902437981905586e-07
1.8712803840637207,0.25443396445772887,0.2798305511474609,0.007108471873907015,0.9,10000,3,"(1, 2)","{'tfidf__max_df': 0.9, 'tfidf__max_features': 10000, 'tfidf__min_df': 3, 'tfidf__ngram_range': (1, 2)}",-0.5035878811535008,-0.5058175322663456,-0.5541138058012272,-0.5383654665407812,-0.5327892924932098,-0.526934795651013,0.019466130547299267,27,-1.0930279053151582e-05,-9.909374666918246e-06,-8.309990229432117e-06,-9.441396332461885e-06,-9.33057909060105e-06,-9.584323874512975e-06,8.515860845706345e-07
0.9240998268127442,0.16153355158688007,0.22285761833190917,0.05041886487314219,0.95,50000,1,"(1, 1)","{'tfidf__max_df': 0.95, 'tfidf__max_features': 50000, 'tfidf__min_df': 1, 'tfidf__ngram_range': (1, 1)}",-0.5750079113174593,-0.5533915346683559,-0.6278832594061577,-0.5822781903187442,-0.602603748012689,-0.5882329287446812,0.025309887020101934,28,-1.8513178579812657e-05,-1.702260770194033e-05,-1.4405795614238515e-05,-1.7564649786556565e-05,-1.5930323450722804e-05,-1.6687311026654174e-05,1.4138091985106482e-06
0.7391005992889405,0.13157495396646,0.182501220703125,0.026336487631782313,0.95,20000,1,"(1, 1)","{'tfidf__max_df': 0.95, 'tfidf__max_features': 20000, 'tfidf__min_df': 1, 'tfidf__ngram_range': (1, 1)}",-0.5750079113174593,-0.5533915346683559,-0.6278832594061577,-0.5822781903187442,-0.602603748012689,-0.5882329287446812,0.025309887020101934,28,-1.8513178579812657e-05,-1.702260770194033e-05,-1.4405795614238515e-05,-1.7564649786556565e-05,-1.5930323450722804e-05,-1.6687311026654174e-05,1.4138091985106482e-06
0.6913675785064697,0.09412979763999842,0.1494436264038086,0.011326443680018538,0.95,10000,1,"(1, 1)","{'tfidf__max_df': 0.95, 'tfidf__max_features': 10000, 'tfidf__min_df': 1, 'tfidf__ngram_range': (1, 1)}",-0.5755436061098053,-0.5556745667512583,-0.6299663755314932,-0.5882473952070579,-0.6056863787959295,-0.5910236644791087,0.025410346410890593,30,-1.8632884547499527e-05,-1.8329925509736137e-05,-1.7006158367789405e-05,-1.577746026978532e-05,-1.628929859978335e-05,-1.7207145458918747e-05,1.1153658950204177e-06
0.6166537284851075,0.08190134375545163,0.14303784370422362,0.02181379660100707,0.85,20000,1,"(1, 1)","{'tfidf__max_df': 0.85, 'tfidf__max_features': 20000, 'tfidf__min_df': 1, 'tfidf__ngram_range': (1, 1)}",-0.5760240634489445,-0.5566079195447059,-0.6350807910792476,-0.5859055159097994,-0.6022559940002465,-0.5911748567965888,0.026467747582215102,31,-1.5155705060242655e-05,-1.5916883343156496e-05,-1.7434341175299166e-05,-1.666981566868432e-05,-1.629194456620232e-05,-1.6293737962716995e-05,7.588875591479588e-07
0.7453969478607178,0.09363753974406917,0.19452991485595703,0.04547932273131487,0.85,50000,1,"(1, 1)","{'tfidf__max_df': 0.85, 'tfidf__max_features': 50000, 'tfidf__min_df': 1, 'tfidf__ngram_range': (1, 1)}",-0.5760240634489445,-0.5566079195447059,-0.6350807910792476,-0.5859055159097994,-0.6022559940002465,-0.5911748567965888,0.026467747582215102,31,-1.5155705060242655e-05,-1.5916883343156496e-05,-1.7434341175299166e-05,-1.666981566868432e-05,-1.629194456620232e-05,-1.6293737962716995e-05,7.588875591479588e-07
0.6800149440765381,0.06161159274599362,0.15195164680480958,0.014981787408282665,0.9,20000,1,"(1, 1)","{'tfidf__max_df': 0.9, 'tfidf__max_features': 20000, 'tfidf__min_df': 1, 'tfidf__ngram_range': (1, 1)}",-0.5772653173896604,-0.5559893136896356,-0.6340083048626398,-0.5875225517028675,-0.6120842178403945,-0.5933739410970396,0.027175587781781817,33,-1.7120578695091462e-05,-1.3352283158863185e-05,-1.6686944390549973e-05,-1.769663280481395e-05,-1.8182480315560864e-05,-1.6607783872975887e-05,1.7048619122600002e-06
0.7825926303863525,0.15958134752172334,0.16104626655578613,0.016504258880366305,0.9,50000,1,"(1, 1)","{'tfidf__max_df': 0.9, 'tfidf__max_features': 50000, 'tfidf__min_df': 1, 'tfidf__ngram_range': (1, 1)}",-0.5772653173896604,-0.5559893136896356,-0.6340083048626398,-0.5875225517028675,-0.6120842178403945,-0.5933739410970396,0.027175587781781817,33,-1.7120578695091462e-05,-1.3352283158863185e-05,-1.6686944390549973e-05,-1.769663280481395e-05,-1.8182480315560864e-05,-1.6607783872975887e-05,1.7048619122600002e-06
0.8663370609283447,0.21352867879932916,0.15383553504943848,0.04208967096975216,0.85,10000,1,"(1, 1)","{'tfidf__max_df': 0.85, 'tfidf__max_features': 10000, 'tfidf__min_df': 1, 'tfidf__ngram_range': (1, 1)}",-0.5768494565270682,-0.5600748682253295,-0.638418136085978,-0.5927293140502916,-0.6057221766610349,-0.5947587903099405,0.026661476986397963,35,-1.823061549415087e-05,-1.7284374722661316e-05,-1.7058611843645784e-05,-1.825022315966378e-05,-1.724880386979572e-05,-1.7614525817983492e-05,5.16811423111379e-07
0.7397101402282715,0.11423104815531998,0.1645371437072754,0.023758141288044814,0.9,10000,1,"(1, 1)","{'tfidf__max_df': 0.9, 'tfidf__max_features': 10000, 'tfidf__min_df': 1, 'tfidf__ngram_range': (1, 1)}",-0.5781766062768549,-0.559221729188979,-0.6371950802542531,-0.5935475946864848,-0.6159024965021065,-0.5968087013817357,0.027445228634600263,36,-1.59356553909084e-05,-1.8393116653612922e-05,-1.601133121481307e-05,-1.9027608968714105e-05,-1.7697651039608115e-05,-1.741307265353132e-05,1.2486664440016107e-06
0.6976171493530273,0.11710644634366318,0.196991491317749,0.11195609811252945,0.95,10000,3,"(1, 1)","{'tfidf__max_df': 0.95, 'tfidf__max_features': 10000, 'tfidf__min_df': 3, 'tfidf__ngram_range': (1, 1)}",-0.5993002457885989,-0.6134575867131818,-0.7009836831509284,-0.6452624607981,-0.6593221520897466,-0.6436652257081111,0.03581577575366308,37,-2.6649633598382878e-05,-2.652921368145613e-05,-2.5377173064103922e-05,-2.407193471311863e-05,-2.4398111728265043e-05,-2.5405213357065317e-05,1.058737961669209e-06
0.8988124847412109,0.16972459544381246,0.22655835151672363,0.049352294634661044,0.95,50000,3,"(1, 1)","{'tfidf__max_df': 0.95, 'tfidf__max_features': 50000, 'tfidf__min_df': 3, 'tfidf__ngram_range': (1, 1)}",-0.5993002457885989,-0.6134575867131818,-0.7009836831509284,-0.6452624607981,-0.6593221520897466,-0.6436652257081111,0.03581577575366308,37,-2.6649633598382878e-05,-2.652921368145613e-05,-2.5377173064103922e-05,-2.407193471311863e-05,-2.4398111728265043e-05,-2.5405213357065317e-05,1.058737961669209e-06
0.7656523227691651,0.16136615646117433,0.16781530380249024,0.015423806290613967,0.95,20000,3,"(1, 1)","{'tfidf__max_df': 0.95, 'tfidf__max_features': 20000, 'tfidf__min_df': 3, 'tfidf__ngram_range': (1, 1)}",-0.5993002457885989,-0.6134575867131818,-0.7009836831509284,-0.6452624607981,-0.6593221520897466,-0.6436652257081111,0.03581577575366308,37,-2.6649633598382878e-05,-2.652921368145613e-05,-2.5377173064103922e-05,-2.407193471311863e-05,-2.4398111728265043e-05,-2.5405213357065317e-05,1.058737961669209e-06
0.7093615531921387,0.08728801934272754,0.16444177627563478,0.03106797120141119,0.85,20000,3,"(1, 1)","{'tfidf__max_df': 0.85, 'tfidf__max_features': 20000, 'tfidf__min_df': 3, 'tfidf__ngram_range': (1, 1)}",-0.605383361169337,-0.6173985846117606,-0.7055945251771402,-0.6532349284500854,-0.6662030354350866,-0.6495628869686819,0.03582260670557389,40,-2.487391672882902e-05,-2.4795137725407812e-05,-2.6396772349922952e-05,-2.3358502347388312e-05,-2.6538919218990685e-05,-2.5192649674107757e-05,1.1735464167870824e-06
0.7183058738708497,0.18449815216822416,0.13733382225036622,0.0359584238654131,0.85,10000,3,"(1, 1)","{'tfidf__max_df': 0.85, 'tfidf__max_features': 10000, 'tfidf__min_df': 3, 'tfidf__ngram_range': (1, 1)}",-0.605383361169337,-0.6173985846117606,-0.7055945251771402,-0.6532349284500854,-0.6662030354350866,-0.6495628869686819,0.03582260670557389,40,-2.487391672882902e-05,-2.4795137725407812e-05,-2.6396772349922952e-05,-2.3358502347388312e-05,-2.6538919218990685e-05,-2.5192649674107757e-05,1.1735464167870824e-06
0.7173436164855957,0.10688943169152575,0.16174449920654296,0.03288934051424349,0.85,50000,3,"(1, 1)","{'tfidf__max_df': 0.85, 'tfidf__max_features': 50000, 'tfidf__min_df': 3, 'tfidf__ngram_range': (1, 1)}",-0.605383361169337,-0.6173985846117606,-0.7055945251771402,-0.6532349284500854,-0.6662030354350866,-0.6495628869686819,0.03582260670557389,40,-2.487391672882902e-05,-2.4795137725407812e-05,-2.6396772349922952e-05,-2.3358502347388312e-05,-2.6538919218990685e-05,-2.5192649674107757e-05,1.1735464167870824e-06
0.6868599891662598,0.11274350911261288,0.1476975440979004,0.0193057466122301,0.9,20000,3,"(1, 1)","{'tfidf__max_df': 0.9, 'tfidf__max_features': 20000, 'tfidf__min_df': 3, 'tfidf__ngram_range': (1, 1)}",-0.6096674313502605,-0.6175153445086734,-0.7066465188254729,-0.6539723708924313,-0.6715020765053554,-0.6518607484164388,0.035641560382574676,43,-2.464159163378358e-05,-2.5714326529202902e-05,-2.5481681655568568e-05,-2.6146105090279727e-05,-2.7078991596598886e-05,-2.5812539301086735e-05,8.006745309112275e-07
0.7615708827972412,0.12115085822951772,0.15314092636108398,0.023420546293770925,0.9,50000,3,"(1, 1)","{'tfidf__max_df': 0.9, 'tfidf__max_features': 50000, 'tfidf__min_df': 3, 'tfidf__ngram_range': (1, 1)}",-0.6096674313502605,-0.6175153445086734,-0.7066465188254729,-0.6539723708924313,-0.6715020765053554,-0.6518607484164388,0.035641560382574676,43,-2.464159163378358e-05,-2.5714326529202902e-05,-2.5481681655568568e-05,-2.6146105090279727e-05,-2.7078991596598886e-05,-2.5812539301086735e-05,8.006745309112275e-07
0.8388797283172608,0.14550331157407384,0.1602081298828125,0.030359167810299164,0.9,10000,3,"(1, 1)","{'tfidf__max_df': 0.9, 'tfidf__max_features': 10000, 'tfidf__min_df': 3, 'tfidf__ngram_range': (1, 1)}",-0.6096674313502605,-0.6175153445086734,-0.7066465188254729,-0.6539723708924313,-0.6715020765053554,-0.6518607484164388,0.035641560382574676,43,-2.464159163378358e-05,-2.5714326529202902e-05,-2.5481681655568568e-05,-2.6146105090279727e-05,-2.7078991596598886e-05,-2.5812539301086735e-05,8.006745309112275e-07
0.878920316696167,0.18189674695063088,0.16704864501953126,0.043240650822644465,0.95,20000,5,"(1, 1)","{'tfidf__max_df': 0.95, 'tfidf__max_features': 20000, 'tfidf__min_df': 5, 'tfidf__ngram_range': (1, 1)}",-0.6633152070975019,-0.6916866631081107,-0.7628090379428988,-0.7312765280476714,-0.719401416502021,-0.7136977705396408,0.0339892701542947,46,-3.2321310038665556e-05,-3.1727763426724747e-05,-3.125792677836972e-05,-3.222156794652725e-05,-3.088788154805737e-05,-3.168328994766893e-05,5.499816503990809e-07
0.9508891582489014,0.2546570056605765,0.18694682121276857,0.05551236444679241,0.95,50000,5,"(1, 1)","{'tfidf__max_df': 0.95, 'tfidf__max_features': 50000, 'tfidf__min_df': 5, 'tfidf__ngram_range': (1, 1)}",-0.6633152070975019,-0.6916866631081107,-0.7628090379428988,-0.7312765280476714,-0.719401416502021,-0.7136977705396408,0.0339892701542947,46,-3.2321310038665556e-05,-3.1727763426724747e-05,-3.125792677836972e-05,-3.222156794652725e-05,-3.088788154805737e-05,-3.168328994766893e-05,5.499816503990809e-07
0.7314291954040527,0.06497739392237274,0.1521402359008789,0.018721560091186612,0.95,10000,5,"(1, 1)","{'tfidf__max_df': 0.95, 'tfidf__max_features': 10000, 'tfidf__min_df': 5, 'tfidf__ngram_range': (1, 1)}",-0.6633152070975019,-0.6916866631081107,-0.7628090379428988,-0.7312765280476714,-0.719401416502021,-0.7136977705396408,0.0339892701542947,46,-3.2321310038665556e-05,-3.1727763426724747e-05,-3.125792677836972e-05,-3.222156794652725e-05,-3.088788154805737e-05,-3.168328994766893e-05,5.499816503990809e-07
0.6189465522766113,0.07964100660014842,0.1298377513885498,0.011961907074667516,0.85,10000,5,"(1, 1)","{'tfidf__max_df': 0.85, 'tfidf__max_features': 10000, 'tfidf__min_df': 5, 'tfidf__ngram_range': (1, 1)}",-0.6728551568439303,-0.6871839120750581,-0.7671054848457178,-0.7355217840623249,-0.7202676628553134,-0.7165868001364689,0.033767458663031186,49,-3.3211703101798724e-05,-3.2622417500279927e-05,-3.0475945776035236e-05,-3.345724196859394e-05,-3.1930310833557773e-05,-3.2339523836053124e-05,1.07055105322988e-06
0.7018599033355712,0.10495091960979655,0.1605839729309082,0.027773487188035392,0.85,20000,5,"(1, 1)","{'tfidf__max_df': 0.85, 'tfidf__max_features': 20000, 'tfidf__min_df': 5, 'tfidf__ngram_range': (1, 1)}",-0.6728551568439303,-0.6871839120750581,-0.7671054848457178,-0.7355217840623249,-0.7202676628553134,-0.7165868001364689,0.033767458663031186,49,-3.3211703101798724e-05,-3.2622417500279927e-05,-3.0475945776035236e-05,-3.345724196859394e-05,-3.1930310833557773e-05,-3.2339523836053124e-05,1.07055105322988e-06
0.6931125164031983,0.06100451571734278,0.14651741981506347,0.014465467180535417,0.85,50000,5,"(1, 1)","{'tfidf__max_df': 0.85, 'tfidf__max_features': 50000, 'tfidf__min_df': 5, 'tfidf__ngram_range': (1, 1)}",-0.6728551568439303,-0.6871839120750581,-0.7671054848457178,-0.7355217840623249,-0.7202676628553134,-0.7165868001364689,0.033767458663031186,49,-3.3211703101798724e-05,-3.2622417500279927e-05,-3.0475945776035236e-05,-3.345724196859394e-05,-3.1930310833557773e-05,-3.2339523836053124e-05,1.07055105322988e-06
0.7743309497833252,0.12779224778876927,0.16142830848693848,0.03013034544524403,0.9,50000,5,"(1, 1)","{'tfidf__max_df': 0.9, 'tfidf__max_features': 50000, 'tfidf__min_df': 5, 'tfidf__ngram_range': (1, 1)}",-0.673778510328056,-0.6897800880456715,-0.7708896937450849,-0.7389132585968105,-0.7340521411852338,-0.7214827383801714,0.035167062921457985,52,-3.368198682880315e-05,-3.539679914701923e-05,-3.255304059446007e-05,-3.214348789184495e-05,-3.3887842453924705e-05,-3.353263138321042e-05,1.1413081230340659e-06
0.7912090301513672,0.1358595288262276,0.1804438591003418,0.029113085314526197,0.9,10000,5,"(1, 1)","{'tfidf__max_df': 0.9, 'tfidf__max_features': 10000, 'tfidf__min_df': 5, 'tfidf__ngram_range': (1, 1)}",-0.673778510328056,-0.6897800880456715,-0.7708896937450849,-0.7389132585968105,-0.7340521411852338,-0.7214827383801714,0.035167062921457985,52,-3.368198682880315e-05,-3.539679914701923e-05,-3.255304059446007e-05,-3.214348789184495e-05,-3.3887842453924705e-05,-3.353263138321042e-05,1.1413081230340659e-06
0.7599899291992187,0.1201972466670051,0.16764388084411622,0.03265016824486264,0.9,20000,5,"(1, 1)","{'tfidf__max_df': 0.9, 'tfidf__max_features': 20000, 'tfidf__min_df': 5, 'tfidf__ngram_range': (1, 1)}",-0.673778510328056,-0.6897800880456715,-0.7708896937450849,-0.7389132585968105,-0.7340521411852338,-0.7214827383801714,0.035167062921457985,52,-3.368198682880315e-05,-3.539679914701923e-05,-3.255304059446007e-05,-3.214348789184495e-05,-3.3887842453924705e-05,-3.353263138321042e-05,1.1413081230340659e-06
